LINK,state,permalink,shortlink,title,body,share header,share subhead,share text,image location,hashtags
https://share.commoncause.org/vote-alabama,Alabama,/voting-info/alabama,/vote-alabama,Alabama - Call 866-OUR-VOTE if you need help voting!,"### **If you have any issues or questions while voting, [call 866-OUR-VOTE](tel:8666878683) for nonpartisan assistance.**

**You can also find reliable voting information on these official state websites:**

* [Find Your Polling Place >>](https://myinfo.alabamavotes.gov/voterview)
* [Absentee Voting Information >>](https://www.sos.alabama.gov/alabama-votes/voter/absentee-voting?m=voters)
* [Voter ID Requirements >>](https://www.sos.alabama.gov/alabama-votes/photo-voter-id)
* [Track Your Absentee Ballot >>](https://myinfo.alabamavotes.gov/voterview)

**Use the buttons on this page to help share this helpful voting information with your community -- and help your friends, family, and neighbors cast their ballots safely!**

Remember, your vote is your voice -- and it's important that each of us have a say in our future. And, if you are in line when polls close, you still have the right to stay in line and cast your ballot!

**Live in another state? [Visit canivote.org to find official voting info >>](https://canivote.org)**",Spread The Word,"Use these sharing tools to post trusted, reliable Alabama voting information!","Alabama: know your voting rights! Call 866-OUR-VOTE if you need help voting, or use these official resources.",/ALABAMA.png,
https://share.commoncause.org/vote-alaska,Alaska,/voting-info/alaska,/vote-alaska,Alaska - Call 866-OUR-VOTE if you need help voting!,"### **If you have any issues or questions while voting, [call 866-OUR-VOTE](tel:8666878683) for nonpartisan assistance.**

**You can also find reliable voting information on these official state websites:**

* [Find Your Polling Place >>](https://myvoterinformation.alaska.gov/)
* [Absentee Voting Information >>](https://www.elections.alaska.gov/Core/AKVoteEarly.php)
* [Voter ID Requirements >>](https://www.elections.alaska.gov/Core/votingatthepollsonelectionday.php)
* [Track Your Absentee Ballot >>](https://myvoterinformation.alaska.gov/)

**Use the buttons on this page to help share this helpful voting information with your community -- and help your friends, family, and neighbors cast their ballots safely!**

Remember, your vote is your voice -- and it's important that each of us have a say in our future. And, if you are in line when polls close, you still have the right to stay in line and cast your ballot!

**Live in another state? [Visit canivote.org to find official voting info >>](https://canivote.org)**",Spread The Word,"Use these sharing tools to post trusted, reliable Alaska voting information!","Alaska: know your voting rights! Call 866-OUR-VOTE if you need help voting, or use these official resources.",/ALASKA.png,
https://share.commoncause.org/vote-arizona,Arizona,/voting-info/arizona,/vote-arizona,Arizona - Call 866-OUR-VOTE if you need help voting!,"### **If you have any issues or questions while voting, [call 866-OUR-VOTE](tel:8666878683) for nonpartisan assistance.**

**You can also find reliable voting information on these official state websites:**

* [Find Your Polling Place >>](https://my.arizona.vote/WhereToVote.aspx?s=address)
* [Absentee Voting Information >>](https://azsos.gov/votebymail)
* [Voter ID Requirements >>](https://azsos.gov/elections/voting-election)
* [Track Your Absentee Ballot >>](https://my.arizona.vote/PortalList.aspx)
* [Voting FAQ >>](https://docs.google.com/document/d/1e3hUuy_dPCazmI564Vo8Q3qch8jQHHDm3k96gPV1PIk/)

**Use the buttons on this page to help share this helpful voting information with your community -- and help your friends, family, and neighbors cast their ballots safely!**

Remember, your vote is your voice -- and it's important that each of us have a say in our future. And, if you are in line when polls close, you still have the right to stay in line and cast your ballot!

**Live in another state? [Visit canivote.org to find official voting info >>](https://canivote.org)**",Spread The Word,"Use these sharing tools to post trusted, reliable Arizona voting information!","Arizona: know your voting rights! Call 866-OUR-VOTE if you need help voting, or use these official resources.",/ARIZONA.png,
https://share.commoncause.org/vote-arkansas,Arkansas,/voting-info/arkansas,/vote-arkansas,Arkansas - Call 866-OUR-VOTE if you need help voting!,"### **If you have any issues or questions while voting, [call 866-OUR-VOTE](tel:8666878683) for nonpartisan assistance.**

**You can also find reliable voting information on these official state websites:**

* [Find Your Polling Place >>](https://www.voterview.ar-nova.org/VoterView)
* [Absentee Voting Information >>](https://www.sos.arkansas.gov/elections/voter-information/absentee-voting)
* [Voter ID Requirements >>](https://www.sos.arkansas.gov/elections/voter-information/voter-registration-information/voting-in-arkansas)
* [Track Your Absentee Ballot >>](https://www.voterview.ar-nova.org/voterview)

**Use the buttons on this page to help share this helpful voting information with your community -- and help your friends, family, and neighbors cast their ballots safely!**

Remember, your vote is your voice -- and it's important that each of us have a say in our future. And, if you are in line when polls close, you still have the right to stay in line and cast your ballot!

**Live in another state? [Visit canivote.org to find official voting info >>](https://canivote.org)**",Spread The Word,"Use these sharing tools to post trusted, reliable Arkansas voting information!","Arkansas: know your voting rights! Call 866-OUR-VOTE if you need help voting, or use these official resources.",/ARKANSAS.png,
https://share.commoncause.org/vote-california,California,/voting-info/california,/vote-california,California - Call 866-OUR-VOTE if you need help voting!,"### **If you have any issues or questions while voting, [call 866-OUR-VOTE](tel:8666878683) for nonpartisan assistance.**

**You can also find reliable voting information on these official state websites:**

* [Find Your Polling Place >>](https://www.sos.ca.gov/elections/polling-place)
* [Absentee Voting Information >>](https://www.sos.ca.gov/elections/voter-registration/vote-mail#vote-by-mail)
* [Voter ID Requirements >>](https://www.sos.ca.gov/elections/voting-resources/voting-california/what-bring/)
* [Track Your Absentee Ballot >>](https://www.sos.ca.gov/elections/ballot-status/wheres-my-ballot)
* [Voting FAQ >>](https://docs.google.com/document/d/17jrLXtxWuZaiH_CaQiKr8u-XLTdt_5WJKYK5RmS1deA/)

**Use the buttons on this page to help share this helpful voting information with your community -- and help your friends, family, and neighbors cast their ballots safely!**

Remember, your vote is your voice -- and it's important that each of us have a say in our future. And, if you are in line when polls close, you still have the right to stay in line and cast your ballot!

**Live in another state? [Visit canivote.org to find official voting info >>](https://canivote.org)**",Spread The Word,"Use these sharing tools to post trusted, reliable California voting information!","California: know your voting rights! Call 866-OUR-VOTE if you need help voting, or use these official resources.",/CALIFORNIA.png,
https://share.commoncause.org/vote-colorado,Colorado,/voting-info/colorado,/vote-colorado,Colorado - Call 866-OUR-VOTE if you need help voting!,"### **If you have any issues or questions while voting, [call 866-OUR-VOTE](tel:8666878683) for nonpartisan assistance.**

**You can also find reliable voting information on these official state websites:**

* [Find Your Polling Place >>](https://www.sos.state.co.us/pubs/elections/VIP.html)
* [Absentee Voting Information >>](https://www.sos.state.co.us/pubs/elections/FAQs/ElectionDay.html)
* [Voter ID Requirements >>](http://www.sos.state.co.us/pubs/elections/vote/acceptableFormsOfID.html)
* [Track Your Absentee Ballot >>](https://colorado.ballottrax.net/voter/)
* [Voting FAQ >>](https://docs.google.com/document/d/1_1T8HWdw4WuRV_2g1kjXzYxgJ3tTeCTKUz0HR4DgDSY/)

**Use the buttons on this page to help share this helpful voting information with your community -- and help your friends, family, and neighbors cast their ballots safely!**

Remember, your vote is your voice -- and it's important that each of us have a say in our future. And, if you are in line when polls close, you still have the right to stay in line and cast your ballot!

**Live in another state? [Visit canivote.org to find official voting info >>](https://canivote.org)**",Spread The Word,"Use these sharing tools to post trusted, reliable Colorado voting information!","Colorado: know your voting rights! Call 866-OUR-VOTE if you need help voting, or use these official resources.",/COLORADO.png,
https://share.commoncause.org/vote-connecticut,Connecticut,/voting-info/connecticut,/vote-connecticut,Connecticut - Call 866-OUR-VOTE if you need help voting!,"### **If you have any issues or questions while voting, [call 866-OUR-VOTE](tel:8666878683) for nonpartisan assistance.**

**You can also find reliable voting information on these official state websites:**

* [Find Your Polling Place >>](http://www.dir.ct.gov/sots/LookUp.aspx)
* [Absentee Voting Information >>](https://portal.ct.gov/SOTS/Election-Services/Voter-Information/Absentee-Voting)
* [Voter ID Requirements >>](https://portal.ct.gov/SOTS/Election-Services/FAQ/FAQ---Voter-Identification)
* Track Your Absentee Ballot: Voters in Connecticut should [directly contact their local election officials >>](https://portal.ct.gov/SOTS/Election-Services/Find-Your-Town-Clerk-Registrar-and-Elected-Officials/Find-Your-Town-Clerk-Registrar-of-Voters-and-Elected-Officials)
* [Voting FAQ >>](https://docs.google.com/document/d/1_1T8HWdw4WuRV_2g1kjXzYxgJ3tTeCTKUz0HR4DgDSY/)

**Use the buttons on this page to help share this helpful voting information with your community -- and help your friends, family, and neighbors cast their ballots safely!**

Remember, your vote is your voice -- and it's important that each of us have a say in our future. And, if you are in line when polls close, you still have the right to stay in line and cast your ballot!

**Live in another state? [Visit canivote.org to find official voting info >>](https://canivote.org)**",Spread The Word,"Use these sharing tools to post trusted, reliable Connecticut voting information!","Connecticut: know your voting rights! Call 866-OUR-VOTE if you need help voting, or use these official resources.",/CONNECTICUT.png,
https://share.commoncause.org/vote-delaware,Delaware,/voting-info/delaware,/vote-delaware,Delaware - Call 866-OUR-VOTE if you need help voting!,"### **If you have any issues or questions while voting, [call 866-OUR-VOTE](tel:8666878683) for nonpartisan assistance.**

**You can also find reliable voting information on these official state websites:**

* [Find Your Polling Place >>](https://ivote.de.gov/voterview)
* [Absentee Voting Information >>](http://elections.delaware.gov/voter/absenteeballot.shtml)
* [Voter ID Requirements >>](http://electionsncc.delaware.gov/faqs/voting.shtml#ques3b)
* [Track Your Absentee Ballot >>](https://ivote.de.gov/voterview)
* [Voting FAQ >>](https://docs.google.com/document/d/1AZSgZn4VLzp0VlxtFkm2IyjkU81dXxRZCN0FZ8mFd5A)

**Use the buttons on this page to help share this helpful voting information with your community -- and help your friends, family, and neighbors cast their ballots safely!**

Remember, your vote is your voice -- and it's important that each of us have a say in our future. And, if you are in line when polls close, you still have the right to stay in line and cast your ballot!

**Live in another state? [Visit canivote.org to find official voting info >>](https://canivote.org)**",Spread The Word,"Use these sharing tools to post trusted, reliable Delaware voting information!","Delaware: know your voting rights! Call 866-OUR-VOTE if you need help voting, or use these official resources.",/DELAWARE.png,
https://share.commoncause.org/vote-florida,Florida,/voting-info/florida,/vote-florida,Florida - Call 866-OUR-VOTE if you need help voting!,"### **If you have any issues or questions while voting, [call 866-OUR-VOTE](tel:8666878683) for nonpartisan assistance.**

**You can also find reliable voting information on these official state websites:**

* [Find Your Polling Place >>](http://registration.elections.myflorida.com/)
* [Absentee Voting Information >>](https://dos.myflorida.com/elections/for-voters/voting/vote-by-mail/)
* [Voter ID Requirements >>](https://dos.myflorida.com/elections/for-voters/voting/election-day-voting/)
* [Track Your Absentee Ballot >>](https://registration.elections.myflorida.com/CheckVoterStatus)
* [Voting FAQ >>](https://docs.google.com/document/d/1oOHSzbdwrZ0QZc2aY3GR1ygfghPV-LgXUB52_heLhlk/)

**Use the buttons on this page to help share this helpful voting information with your community -- and help your friends, family, and neighbors cast their ballots safely!**

Remember, your vote is your voice -- and it's important that each of us have a say in our future. And, if you are in line when polls close, you still have the right to stay in line and cast your ballot!

**Live in another state? [Visit canivote.org to find official voting info >>](https://canivote.org)**",Spread The Word,"Use these sharing tools to post trusted, reliable Florida voting information!","Florida: know your voting rights! Call 866-OUR-VOTE if you need help voting, or use these official resources.",/FLORIDA.png,
https://share.commoncause.org/vote-georgia,Georgia,/voting-info/georgia,/vote-georgia,Georgia - Call 866-OUR-VOTE if you need help voting!,"### **If you have any issues or questions while voting, [call 866-OUR-VOTE](tel:8666878683) for nonpartisan assistance.**

**You can also find reliable voting information on these official state websites:**

* [Find Your Polling Place >>](http://www.mvp.sos.ga.gov/)
* [Absentee Voting Information >>](http://sos.ga.gov/index.php/Elections/absentee_voting_in_georgia)
* [Voter ID Requirements >>](http://sos.ga.gov/index.php/elections/georgia_voter_identification_requirements2)
* [Track Your Absentee Ballot >>](https://www.mvp.sos.ga.gov/MVP/mvp.do)
* [Voting FAQ >>](https://docs.google.com/document/d/1QQ2RS_VMeWeDlA2ow3V_u2IAB8WRENB6G9jKIp-YRDY)

**Use the buttons on this page to help share this helpful voting information with your community -- and help your friends, family, and neighbors cast their ballots safely!**

Remember, your vote is your voice -- and it's important that each of us have a say in our future. And, if you are in line when polls close, you still have the right to stay in line and cast your ballot!

**Live in another state? [Visit canivote.org to find official voting info >>](https://canivote.org)**",Spread The Word,"Use these sharing tools to post trusted, reliable Georgia voting information!","Georgia: know your voting rights! Call 866-OUR-VOTE if you need help voting, or use these official resources.",/GEORGIA.png,
https://share.commoncause.org/vote-hawaii,Hawaii,/voting-info/hawaii,/vote-hawaii,Hawaii - Call 866-OUR-VOTE if you need help voting!,"### **If you have any issues or questions while voting, [call 866-OUR-VOTE](tel:8666878683) for nonpartisan assistance.**

**You can also find reliable voting information on these official state websites:**

* [Find Your Polling Place >>](https://elections.hawaii.gov/voter-service-centers-and-places-of-deposit/)
* [Absentee Voting Information >>](https://elections.hawaii.gov/frequently-asked-questions/voting-by-mail/)
* [Voter ID Requirements >>](https://elections.hawaii.gov/voters/hawaii-votes-by-mail/)
* [Track Your Absentee Ballot >>](https://ballotstatus.hawaii.gov/ballotreceipt)

**Use the buttons on this page to help share this helpful voting information with your community -- and help your friends, family, and neighbors cast their ballots safely!**

Remember, your vote is your voice -- and it's important that each of us have a say in our future. And, if you are in line when polls close, you still have the right to stay in line and cast your ballot!

**Live in another state? [Visit canivote.org to find official voting info >>](https://canivote.org)**",Spread The Word,"Use these sharing tools to post trusted, reliable Hawaii voting information!","Hawaii: know your voting rights! Call 866-OUR-VOTE if you need help voting, or use these official resources.",/HAWAII.png,
https://share.commoncause.org/vote-idaho,Idaho,/voting-info/idaho,/vote-idaho,Idaho - Call 866-OUR-VOTE if you need help voting!,"### **If you have any issues or questions while voting, [call 866-OUR-VOTE](tel:8666878683) for nonpartisan assistance.**

**You can also find reliable voting information on these official state websites:**

* [Find Your Polling Place >>](https://elections.sos.idaho.gov/ElectionLink/ElectionLink/ViewPollingLocation.aspx)
* [Absentee Voting Information >>](https://idahovotes.gov/absentee-voter-information/)
* [Voter ID Requirements >>](https://idahovotes.gov/identification-requirements/)
* [Track Your Absentee Ballot >>](https://idahovotes.gov/online-voter-tools/)
* [Voting FAQ >>](https://docs.google.com/document/d/1OwCx3R1TbFOp7PvjD3H6GHEMSZqiqbSsO4bxo2FuxOE/)

**Use the buttons on this page to help share this helpful voting information with your community -- and help your friends, family, and neighbors cast their ballots safely!**

Remember, your vote is your voice -- and it's important that each of us have a say in our future. And, if you are in line when polls close, you still have the right to stay in line and cast your ballot!

**Live in another state? [Visit canivote.org to find official voting info >>](https://canivote.org)**",Spread The Word,"Use these sharing tools to post trusted, reliable Idaho voting information!","Idaho: know your voting rights! Call 866-OUR-VOTE if you need help voting, or use these official resources.",/IDAHO.png,
https://share.commoncause.org/vote-illinois,Illinois,/voting-info/illinois,/vote-illinois,Illinois - Call 866-OUR-VOTE if you need help voting!,"### **If you have any issues or questions while voting, [call 866-OUR-VOTE](tel:8666878683) for nonpartisan assistance.**

**You can also find reliable voting information on these official state websites:**

* [Find Your Polling Place >>](https://ova.elections.il.gov/PollingPlaceLookup.aspx)
* [Absentee Voting Information >>](https://www.elections.il.gov/DocDisplay.aspx?Doc=/Downloads/VotingAndRegistrationSystems/PDF/VoteByMailFAQ.pdf&amp;MID=374)
* [Voter ID Requirements >>](https://www.elections.il.gov/Main/FAQ.aspx?MID=whDn5mxRbJU%3d&amp;MFAQH=7fm7seT6Z57C0ZS041fSEpqzAyRc0qFWU8X5%2fKAmF3iBIyOKd0C3p4KeZ8Te8x1u#BEREP)
* Track Your Absentee Ballot: Voters in Cook County can [track their ballot >>](https://www.cookcountyclerk.com/service/your-voter-information)
* [Voting FAQ >>](https://docs.google.com/document/d/1xIbseTFAIRV1KQbnJl5yrXULnh7DLdg_KWZ2nGQunpY/)

**Use the buttons on this page to help share this helpful voting information with your community -- and help your friends, family, and neighbors cast their ballots safely!**

Remember, your vote is your voice -- and it's important that each of us have a say in our future. And, if you are in line when polls close, you still have the right to stay in line and cast your ballot!

**Live in another state? [Visit canivote.org to find official voting info >>](https://canivote.org)**",Spread The Word,"Use these sharing tools to post trusted, reliable Illinois voting information!","Illinois: know your voting rights! Call 866-OUR-VOTE if you need help voting, or use these official resources.",/ILLINOIS.png,
https://share.commoncause.org/vote-indiana,Indiana,/voting-info/indiana,/vote-indiana,Indiana - Call 866-OUR-VOTE if you need help voting!,"### **If you have any issues or questions while voting, [call 866-OUR-VOTE](tel:8666878683) for nonpartisan assistance.**

**You can also find reliable voting information on these official state websites:**

* [Find Your Polling Place >>](https://indianavoters.in.gov/PublicSite/PublicMain.aspx)
* [Absentee Voting Information >>](http://www.in.gov/sos/elections/2402.htm)
* [Voter ID Requirements >>](http://www.in.gov/sos/elections/2401.htm)
* Track Your Absentee Ballot: Voters in Indiana should should [directly contact their local election officials >>](https://indianavoters.in.gov/CountyContact/Index))
* [Voting FAQ >>]()

**Use the buttons on this page to help share this helpful voting information with your community -- and help your friends, family, and neighbors cast their ballots safely!**

Remember, your vote is your voice -- and it's important that each of us have a say in our future. And, if you are in line when polls close, you still have the right to stay in line and cast your ballot!

**Live in another state? [Visit canivote.org to find official voting info >>](https://canivote.org)**",Spread The Word,"Use these sharing tools to post trusted, reliable Indiana voting information!","Indiana: know your voting rights! Call 866-OUR-VOTE if you need help voting, or use these official resources.",/INDIANA.png,
https://share.commoncause.org/vote-iowa,Iowa,/voting-info/iowa,/vote-iowa,Iowa - Call 866-OUR-VOTE if you need help voting!,"### **If you have any issues or questions while voting, [call 866-OUR-VOTE](tel:8666878683) for nonpartisan assistance.**

**You can also find reliable voting information on these official state websites:**

* [Find Your Polling Place >>](https://sos.iowa.gov/elections/voterreg/pollingplace/search.aspx)
* [Absentee Voting Information >>](https://sos.iowa.gov/elections/electioninfo/absenteeinfo.html)
* [Voter ID Requirements >>](https://sos.iowa.gov/elections/voterinformation/edfaq.html#3)
* [Track Your Absentee Ballot >>](https://sos.iowa.gov/elections/absenteeballotstatus/absentee/search)

**Use the buttons on this page to help share this helpful voting information with your community -- and help your friends, family, and neighbors cast their ballots safely!**

Remember, your vote is your voice -- and it's important that each of us have a say in our future. And, if you are in line when polls close, you still have the right to stay in line and cast your ballot!

**Live in another state? [Visit canivote.org to find official voting info >>](https://canivote.org)**",Spread The Word,"Use these sharing tools to post trusted, reliable Iowa voting information!","Iowa: know your voting rights! Call 866-OUR-VOTE if you need help voting, or use these official resources.",/IOWA.png,
https://share.commoncause.org/vote-kansas,Kansas,/voting-info/kansas,/vote-kansas,Kansas - Call 866-OUR-VOTE if you need help voting!,"### **If you have any issues or questions while voting, [call 866-OUR-VOTE](tel:8666878683) for nonpartisan assistance.**

**You can also find reliable voting information on these official state websites:**

* [Find Your Polling Place >>](https://myvoteinfo.voteks.org/VoterView)
* [Absentee Voting Information >>](https://www.sos.ks.gov/elections/elections-faq.html#Advance-Voting)
* [Voter ID Requirements >>](https://sos.ks.gov/elections/photo-id.html)
* [Track Your Absentee Ballot >>](https://myvoteinfo.voteks.org/voterview)

**Use the buttons on this page to help share this helpful voting information with your community -- and help your friends, family, and neighbors cast their ballots safely!**

Remember, your vote is your voice -- and it's important that each of us have a say in our future. And, if you are in line when polls close, you still have the right to stay in line and cast your ballot!

**Live in another state? [Visit canivote.org to find official voting info >>](https://canivote.org)**",Spread The Word,"Use these sharing tools to post trusted, reliable Kansas voting information!","Kansas: know your voting rights! Call 866-OUR-VOTE if you need help voting, or use these official resources.",/KANSAS.png,
https://share.commoncause.org/vote-kentucky,Kentucky,/voting-info/kentucky,/vote-kentucky,Kentucky - Call 866-OUR-VOTE if you need help voting!,"### **If you have any issues or questions while voting, [call 866-OUR-VOTE](tel:8666878683) for nonpartisan assistance.**

**You can also find reliable voting information on these official state websites:**

* [Find Your Polling Place >>](https://www.sos.ky.gov/elections/Pages/Polling-Locations.aspx)
* [Absentee Voting Information >>](https://www.sos.ky.gov/elections/Pages/2020-General-Updates.aspx)
* [Voter ID Requirements >>](https://elect.ky.gov/Frequently-Asked-Questions/Pages/Election-Day-Information.aspx)
* [Track Your Absentee Ballot >>](https://vrsws.sos.ky.gov/vic/)
* [Voting FAQ >>](https://docs.google.com/document/d/1nbicK2cuvj45twoMTg-B5SLr4F5So3FdV3-vB7qZ_w4/)

**Use the buttons on this page to help share this helpful voting information with your community -- and help your friends, family, and neighbors cast their ballots safely!**

Remember, your vote is your voice -- and it's important that each of us have a say in our future. And, if you are in line when polls close, you still have the right to stay in line and cast your ballot!

**Live in another state? [Visit canivote.org to find official voting info >>](https://canivote.org)**",Spread The Word,"Use these sharing tools to post trusted, reliable Kentucky voting information!","Kentucky: know your voting rights! Call 866-OUR-VOTE if you need help voting, or use these official resources.",/KENTUCKY.png,
https://share.commoncause.org/vote-louisiana,Louisiana,/voting-info/louisiana,/vote-louisiana,Louisiana - Call 866-OUR-VOTE if you need help voting!,"### **If you have any issues or questions while voting, [call 866-OUR-VOTE](tel:8666878683) for nonpartisan assistance.**

**You can also find reliable voting information on these official state websites:**

* [Find Your Polling Place >>](https://voterportal.sos.la.gov/)
* [Absentee Voting Information >>](https://www.sos.la.gov/ElectionsAndVoting/Vote/VoteByMail/Pages/default.aspx)
* [Voter ID Requirements >>](https://www.sos.la.gov/ElectionsAndVoting/Vote/FrequentlyAskedQuestions/Pages/VotingOnElectionDay.aspx?OwnershipName=VotingOnElectionDay&amp;faqid=0)
* [Track Your Absentee Ballot >>](https://voterportal.sos.la.gov/)

**Use the buttons on this page to help share this helpful voting information with your community -- and help your friends, family, and neighbors cast their ballots safely!**

Remember, your vote is your voice -- and it's important that each of us have a say in our future. And, if you are in line when polls close, you still have the right to stay in line and cast your ballot!

**Live in another state? [Visit canivote.org to find official voting info >>](https://canivote.org)**",Spread The Word,"Use these sharing tools to post trusted, reliable Louisiana voting information!","Louisiana: know your voting rights! Call 866-OUR-VOTE if you need help voting, or use these official resources.",/LOUISIANA.png,
https://share.commoncause.org/vote-maine,Maine,/voting-info/maine,/vote-maine,Maine - Call 866-OUR-VOTE if you need help voting!,"### **If you have any issues or questions while voting, [call 866-OUR-VOTE](tel:8666878683) for nonpartisan assistance.**

**You can also find reliable voting information on these official state websites:**

* [Find Your Polling Place >>](http://www.maine.gov/portal/government/edemocracy/voter_lookup.php)
* [Absentee Voting Information >>](http://www.maine.gov/sos/cec/elec/voter-info/absent.html)
* [Voter ID Requirements >>](http://www.maine.gov/sos/cec/elec/voter-info/right.html)
* [Track Your Absentee Ballot >>](https://apps.web.maine.gov/cgi-bin/online/AbsenteeBallot/ballot_status.pl)
* [Voting FAQ >>](https://docs.google.com/document/d/1FxNlaR8lrptCAOkroPmAlM4DvA30vgwL7Du6apytDB0/)

**Use the buttons on this page to help share this helpful voting information with your community -- and help your friends, family, and neighbors cast their ballots safely!**

Remember, your vote is your voice -- and it's important that each of us have a say in our future. And, if you are in line when polls close, you still have the right to stay in line and cast your ballot!

**Live in another state? [Visit canivote.org to find official voting info >>](https://canivote.org)**",Spread The Word,"Use these sharing tools to post trusted, reliable Maine voting information!","Maine: know your voting rights! Call 866-OUR-VOTE if you need help voting, or use these official resources.",/MAINE.png,
https://share.commoncause.org/vote-maryland,Maryland,/voting-info/maryland,/vote-maryland,Maryland - Call 866-OUR-VOTE if you need help voting!,"### **If you have any issues or questions while voting, [call 866-OUR-VOTE](tel:8666878683) for nonpartisan assistance.**

**You can also find reliable voting information on these official state websites:**

* [Find Your Polling Place >>](http://www.elections.state.md.us/voting/where.html)
* [Absentee Voting Information >>](http://www.elections.state.md.us/voting/absentee.html)
* [Voter ID Requirements >>](http://www.elections.state.md.us/voting/election_day_questions.html#_Toc190229207)
* [Track Your Absentee Ballot >>](https://voterservices.elections.maryland.gov/VoterSearch)

**Use the buttons on this page to help share this helpful voting information with your community -- and help your friends, family, and neighbors cast their ballots safely!**

Remember, your vote is your voice -- and it's important that each of us have a say in our future. And, if you are in line when polls close, you still have the right to stay in line and cast your ballot!

**Live in another state? [Visit canivote.org to find official voting info >>](https://canivote.org)**",Spread The Word,"Use these sharing tools to post trusted, reliable Maryland voting information!","Maryland: know your voting rights! Call 866-OUR-VOTE if you need help voting, or use these official resources.",/MARYLAND.png,
https://share.commoncause.org/vote-massachusetts,Massachusetts,/voting-info/massachusetts,/vote-massachusetts,Massachusetts - Call 866-OUR-VOTE if you need help voting!,"### **If you have any issues or questions while voting, [call 866-OUR-VOTE](tel:8666878683) for nonpartisan assistance.**

**You can also find reliable voting information on these official state websites:**

* [Find Your Polling Place >>](http://www.wheredoivotema.com/bal/myelectioninfo.aspx)
* [Absentee Voting Information >>](http://www.sec.state.ma.us/ele/eleabsentee/absidx.htm)
* [Voter ID Requirements >>](http://www.sec.state.ma.us/ele/eleidreq/idrequirementsidx.htm)
* [Track Your Absentee Ballot >>](https://www.sec.state.ma.us/wheredoivotema/track/trackmyballot.aspx)
* [Voting FAQ >>](https://docs.google.com/document/d/1PU9S4ytY2JmSizJUISJWfPx_dJLzQ7rCsmloKet7u3c/)

**Use the buttons on this page to help share this helpful voting information with your community -- and help your friends, family, and neighbors cast their ballots safely!**

Remember, your vote is your voice -- and it's important that each of us have a say in our future. And, if you are in line when polls close, you still have the right to stay in line and cast your ballot!

**Live in another state? [Visit canivote.org to find official voting info >>](https://canivote.org)**",Spread The Word,"Use these sharing tools to post trusted, reliable Massachusetts voting information!","Massachusetts: know your voting rights! Call 866-OUR-VOTE if you need help voting, or use these official resources.",/MASSACHUSETTS.png,
https://share.commoncause.org/vote-michigan,Michigan,/voting-info/michigan,/vote-michigan,Michigan - Call 866-OUR-VOTE if you need help voting!,"### **If you have any issues or questions while voting, [call 866-OUR-VOTE](tel:8666878683) for nonpartisan assistance.**

**You can also find reliable voting information on these official state websites:**

* [Find Your Polling Place >>](https://mvic.sos.state.mi.us/Voter/index)
* [Absentee Voting Information >>](http://www.michigan.gov/sos/0)
* [Voter ID Requirements >>](http://www.michigan.gov/sos/0,4670,7-127-1633_8716-178123--,00.html)
* [Track Your Absentee Ballot >>](https://www.michigan.gov/sos/0)
* [Voting FAQ >>](https://docs.google.com/document/d/1t471aOmNXCkSQ4WjvcJgMNNpIH7QFZtsGNbOjCfbB-U/)

**Use the buttons on this page to help share this helpful voting information with your community -- and help your friends, family, and neighbors cast their ballots safely!**

Remember, your vote is your voice -- and it's important that each of us have a say in our future. And, if you are in line when polls close, you still have the right to stay in line and cast your ballot!

**Live in another state? [Visit canivote.org to find official voting info >>](https://canivote.org)**",Spread The Word,"Use these sharing tools to post trusted, reliable Michigan voting information!","Michigan: know your voting rights! Call 866-OUR-VOTE if you need help voting, or use these official resources.",/MICHIGAN.png,
https://share.commoncause.org/vote-minnesota,Minnesota,/voting-info/minnesota,/vote-minnesota,Minnesota - Call 866-OUR-VOTE if you need help voting!,"### **If you have any issues or questions while voting, [call 866-OUR-VOTE](tel:8666878683) for nonpartisan assistance.**

**You can also find reliable voting information on these official state websites:**

* [Find Your Polling Place >>](http://pollfinder.sos.state.mn.us/)
* [Absentee Voting Information >>](https://www.sos.state.mn.us/elections-voting/other-ways-to-vote/)
* [Voter ID Requirements >>](http://www.sos.state.mn.us/elections-voting/election-day-voting/do-i-need-to-bring-id/)
* [Track Your Absentee Ballot >>](https://mnvotes.sos.state.mn.us/AbsenteeBallotStatus.aspx)
* [Voting FAQ >>](https://docs.google.com/document/d/1__n1xF09XDpSLImRBWXQMkSvbqraPNIBkN1_-_eTH_c/)

**Use the buttons on this page to help share this helpful voting information with your community -- and help your friends, family, and neighbors cast their ballots safely!**

Remember, your vote is your voice -- and it's important that each of us have a say in our future. And, if you are in line when polls close, you still have the right to stay in line and cast your ballot!

**Live in another state? [Visit canivote.org to find official voting info >>](https://canivote.org)**",Spread The Word,"Use these sharing tools to post trusted, reliable Minnesota voting information!","Minnesota: know your voting rights! Call 866-OUR-VOTE if you need help voting, or use these official resources.",/MINNESOTA.png,
https://share.commoncause.org/vote-mississippi,Mississippi,/voting-info/mississippi,/vote-mississippi,Mississippi - Call 866-OUR-VOTE if you need help voting!,"### **If you have any issues or questions while voting, [call 866-OUR-VOTE](tel:8666878683) for nonpartisan assistance.**

**You can also find reliable voting information on these official state websites:**

* [Find Your Polling Place >>](http://www.sos.ms.gov/PollingPlace/Pages/default.aspx)
* [Absentee Voting Information >>](https://www.sos.ms.gov/Content/documents/Elections/VoterInformationGuide.pdf)
* [Voter ID Requirements >>](http://msvoterid.ms.gov/)
* Track Your Absentee Ballot :Voters in Mississippi should [directly contact their local election officials >>](https://www.sos.ms.gov/Elections-Voting/Pages/County-Election-Info.aspx)

**Use the buttons on this page to help share this helpful voting information with your community -- and help your friends, family, and neighbors cast their ballots safely!**

Remember, your vote is your voice -- and it's important that each of us have a say in our future. And, if you are in line when polls close, you still have the right to stay in line and cast your ballot!

**Live in another state? [Visit canivote.org to find official voting info >>](https://canivote.org)**",Spread The Word,"Use these sharing tools to post trusted, reliable Mississippi voting information!","Mississippi: know your voting rights! Call 866-OUR-VOTE if you need help voting, or use these official resources.",/MISSISSIPPI.png,
https://share.commoncause.org/vote-missouri,Missouri,/voting-info/missouri,/vote-missouri,Missouri - Call 866-OUR-VOTE if you need help voting!,"### **If you have any issues or questions while voting, [call 866-OUR-VOTE](tel:8666878683) for nonpartisan assistance.**

**You can also find reliable voting information on these official state websites:**

* [Find Your Polling Place >>](http://www.sos.mo.gov/elections/pollingplacelookup/)
* [Absentee Voting Information >>](https://www.sos.mo.gov/elections/govotemissouri/howtovote#Absentee)
* [Voter ID Requirements >>](http://s1.sos.mo.gov/elections/goVoteMissouri/howtovote#forms)
* Track Your Absentee Ballot: Voters in Missouri should [directly contact their local election officials >>](https://www.sos.mo.gov/elections/govotemissouri/localelectionauthority)

**Use the buttons on this page to help share this helpful voting information with your community -- and help your friends, family, and neighbors cast their ballots safely!**

Remember, your vote is your voice -- and it's important that each of us have a say in our future. And, if you are in line when polls close, you still have the right to stay in line and cast your ballot!

**Live in another state? [Visit canivote.org to find official voting info >>](https://canivote.org)**",Spread The Word,"Use these sharing tools to post trusted, reliable Missouri voting information!","Missouri: know your voting rights! Call 866-OUR-VOTE if you need help voting, or use these official resources.",/MISSOURI.png,
https://share.commoncause.org/vote-montana,Montana,/voting-info/montana,/vote-montana,Montana - Call 866-OUR-VOTE if you need help voting!,"### **If you have any issues or questions while voting, [call 866-OUR-VOTE](tel:8666878683) for nonpartisan assistance.**

**You can also find reliable voting information on these official state websites:**

* [Find Your Polling Place >>](https://app.mt.gov/voterinfo/)
* [Absentee Voting Information >>](http://sos.mt.gov/elections/absentee)
* [Voter ID Requirements >>](https://sosmt.gov/elections/faq/#identification)
* [Track Your Absentee Ballot >>](https://app.mt.gov/voterinfo/)
* [Voting FAQ >>](https://docs.google.com/document/d/1QecCxmOO4bxf-bo4-vLT14hQuGoOzLuXikwcgtm2qWk/)

**Use the buttons on this page to help share this helpful voting information with your community -- and help your friends, family, and neighbors cast their ballots safely!**

Remember, your vote is your voice -- and it's important that each of us have a say in our future. And, if you are in line when polls close, you still have the right to stay in line and cast your ballot!

**Live in another state? [Visit canivote.org to find official voting info >>](https://canivote.org)**",Spread The Word,"Use these sharing tools to post trusted, reliable Montana voting information!","Montana: know your voting rights! Call 866-OUR-VOTE if you need help voting, or use these official resources.",/MONTANA.png,
https://share.commoncause.org/vote-nebraska,Nebraska,/voting-info/nebraska,/vote-nebraska,Nebraska - Call 866-OUR-VOTE if you need help voting!,"### **If you have any issues or questions while voting, [call 866-OUR-VOTE](tel:8666878683) for nonpartisan assistance.**

**You can also find reliable voting information on these official state websites:**

* [Find Your Polling Place >>](https://www.votercheck.necvr.ne.gov/)
* [Absentee Voting Information >>](https://sos.nebraska.gov/elections/early-voting)
* [Voter ID Requirements >>](https://sos.nebraska.gov/elections/election-day-faq)
* [Track Your Absentee Ballot >>](https://www.votercheck.necvr.ne.gov/voterview)

**Use the buttons on this page to help share this helpful voting information with your community -- and help your friends, family, and neighbors cast their ballots safely!**

Remember, your vote is your voice -- and it's important that each of us have a say in our future. And, if you are in line when polls close, you still have the right to stay in line and cast your ballot!

**Live in another state? [Visit canivote.org to find official voting info >>](https://canivote.org)**",Spread The Word,"Use these sharing tools to post trusted, reliable Nebraska voting information!","Nebraska: know your voting rights! Call 866-OUR-VOTE if you need help voting, or use these official resources.",/NEBRASKA.png,
https://share.commoncause.org/vote-nevada,Nevada,/voting-info/nevada,/vote-nevada,Nevada - Call 866-OUR-VOTE if you need help voting!,"### **If you have any issues or questions while voting, [call 866-OUR-VOTE](tel:8666878683) for nonpartisan assistance.**

**You can also find reliable voting information on these official state websites:**

* [Find Your Polling Place >>](https://nvsos.gov/votersearch/)
* [Absentee Voting Information >>](https://www.nvsos.gov/sos/elections/voters/absentee-voting)
* [Voter ID Requirements >>](https://www.nvsos.gov/sos/sos-information/office-facts/faqs-all-division/elections#472)
* [Track Your Absentee Ballot >>](https://www.nvsos.gov/votersearch/)
* [Voting FAQ >>](https://docs.google.com/document/d/1TjnSBC5w2N5u_omjzgMJFXsawsoMJtwRD0rDoHd5BL0/)

**Use the buttons on this page to help share this helpful voting information with your community -- and help your friends, family, and neighbors cast their ballots safely!**

Remember, your vote is your voice -- and it's important that each of us have a say in our future. And, if you are in line when polls close, you still have the right to stay in line and cast your ballot!

**Live in another state? [Visit canivote.org to find official voting info >>](https://canivote.org)**",Spread The Word,"Use these sharing tools to post trusted, reliable Nevada voting information!","Nevada: know your voting rights! Call 866-OUR-VOTE if you need help voting, or use these official resources.",/NEVADA.png,
https://share.commoncause.org/vote-new hampshire,New Hampshire,/voting-info/new hampshire,/vote-new hampshire,New Hampshire - Call 866-OUR-VOTE if you need help voting!,"### **If you have any issues or questions while voting, [call 866-OUR-VOTE](tel:8666878683) for nonpartisan assistance.**

**You can also find reliable voting information on these official state websites:**

* [Find Your Polling Place >>](https://app.sos.nh.gov/Public/PollingPlaceSearch.aspx)
* [Absentee Voting Information >>](https://sos.nh.gov/elections/voters/absentee-ballots/)
* [Voter ID Requirements >>](https://sos.nh.gov/elections/information/election-laws/voter-identification-law/)
* [Track Your Absentee Ballot >>](https://app.sos.nh.gov/Public/AbsenteeBallot.aspx)

**Use the buttons on this page to help share this helpful voting information with your community -- and help your friends, family, and neighbors cast their ballots safely!**

Remember, your vote is your voice -- and it's important that each of us have a say in our future. And, if you are in line when polls close, you still have the right to stay in line and cast your ballot!

**Live in another state? [Visit canivote.org to find official voting info >>](https://canivote.org)**",Spread The Word,"Use these sharing tools to post trusted, reliable New Hampshire voting information!","New Hampshire: know your voting rights! Call 866-OUR-VOTE if you need help voting, or use these official resources.",/NEW HAMPSHIRE.png,
https://share.commoncause.org/vote-new jersey,New Jersey,/voting-info/new jersey,/vote-new jersey,New Jersey - Call 866-OUR-VOTE if you need help voting!,"### **If you have any issues or questions while voting, [call 866-OUR-VOTE](tel:8666878683) for nonpartisan assistance.**

**You can also find reliable voting information on these official state websites:**

* [Find Your Polling Place >>](https://voter.njsvrs.com/PublicAccess/servlet/com.saber.publicaccess.control.PublicAccessNavigationServlet?USERPROCESS=MaintainUserAccount)
* [Absentee Voting Information >>](https://www.state.nj.us/state/elections/vote-by-mail.shtml)
* [Voter ID Requirements >>](http://www.state.nj.us/state/elections/vote_id_req.html)
* [Track Your Absentee Ballot >>](https://voter.svrs.nj.gov/auth/sign-up)

**Use the buttons on this page to help share this helpful voting information with your community -- and help your friends, family, and neighbors cast their ballots safely!**

Remember, your vote is your voice -- and it's important that each of us have a say in our future. And, if you are in line when polls close, you still have the right to stay in line and cast your ballot!

**Live in another state? [Visit canivote.org to find official voting info >>](https://canivote.org)**",Spread The Word,"Use these sharing tools to post trusted, reliable New Jersey voting information!","New Jersey: know your voting rights! Call 866-OUR-VOTE if you need help voting, or use these official resources.",/NEW JERSEY.png,
https://share.commoncause.org/vote-new mexico,New Mexico,/voting-info/new mexico,/vote-new mexico,New Mexico - Call 866-OUR-VOTE if you need help voting!,"### **If you have any issues or questions while voting, [call 866-OUR-VOTE](tel:8666878683) for nonpartisan assistance.**

**You can also find reliable voting information on these official state websites:**

* [Find Your Polling Place >>](https://voterportal.servis.sos.state.nm.us/WhereToVote.aspx)
* [Absentee Voting Information >>](http://www.sos.state.nm.us/Voter_Information/Absentee_and_Early_Voting.aspx)
* [Voter ID Requirements >>](http://www.sos.state.nm.us/Voter_Information/voting-2.aspx)
* [Track Your Absentee Ballot >>](https://voterportal.servis.sos.state.nm.us/wheretovote.aspx)
* [Voting FAQ >>](https://docs.google.com/document/d/11fDbFwvYOaZKWwzqWDuLFkkrO-f1fvBoO6hfcO6PTOM/)

**Use the buttons on this page to help share this helpful voting information with your community -- and help your friends, family, and neighbors cast their ballots safely!**

Remember, your vote is your voice -- and it's important that each of us have a say in our future. And, if you are in line when polls close, you still have the right to stay in line and cast your ballot!

**Live in another state? [Visit canivote.org to find official voting info >>](https://canivote.org)**",Spread The Word,"Use these sharing tools to post trusted, reliable New Mexico voting information!","New Mexico: know your voting rights! Call 866-OUR-VOTE if you need help voting, or use these official resources.",/NEW MEXICO.png,
https://share.commoncause.org/vote-new york,New York,/voting-info/new york,/vote-new york,New York - Call 866-OUR-VOTE if you need help voting!,"### **If you have any issues or questions while voting, [call 866-OUR-VOTE](tel:8666878683) for nonpartisan assistance.**

**You can also find reliable voting information on these official state websites:**

* [Find Your Polling Place >>](https://voterlookup.elections.ny.gov/)
* [Absentee Voting Information >>](http://www.elections.ny.gov/VotingAbsentee.html)
* [Voter ID Requirements >>](http://www.elections.ny.gov/VotingRegister.html)
* [Track Your Absentee Ballot: Voters in New York City can [track their ballot >>](https://nycabsentee.com/tracking)

**Use the buttons on this page to help share this helpful voting information with your community -- and help your friends, family, and neighbors cast their ballots safely!**

Remember, your vote is your voice -- and it's important that each of us have a say in our future. And, if you are in line when polls close, you still have the right to stay in line and cast your ballot!

**Live in another state? [Visit canivote.org to find official voting info >>](https://canivote.org)**",Spread The Word,"Use these sharing tools to post trusted, reliable New York voting information!","New York: know your voting rights! Call 866-OUR-VOTE if you need help voting, or use these official resources.",/NEW YORK.png,
https://share.commoncause.org/vote-north carolina,North Carolina,/voting-info/north carolina,/vote-north carolina,North Carolina - Call 866-OUR-VOTE if you need help voting!,"### **If you have any issues or questions while voting, [call 866-OUR-VOTE](tel:8666878683) for nonpartisan assistance.**

**You can also find reliable voting information on these official state websites:**

* [Find Your Polling Place >>](https://vt.ncsbe.gov/PPLkup/)
* [Absentee Voting Information >>](https://www.ncsbe.gov/Voting-Options/Absentee-Voting)
* [Voter ID Requirements >>](https://www.ncsbe.gov/voting/voter-id)
* [Track Your Absentee Ballot >>](https://northcarolina.ballottrax.net/voter/)
* [Voting FAQ >>](https://docs.google.com/document/d/1rgpgu7R8cbaMlgOA8qMLABNvXFnR48a4YAr_7BHxp10/)

**Use the buttons on this page to help share this helpful voting information with your community -- and help your friends, family, and neighbors cast their ballots safely!**

Remember, your vote is your voice -- and it's important that each of us have a say in our future. And, if you are in line when polls close, you still have the right to stay in line and cast your ballot!

**Live in another state? [Visit canivote.org to find official voting info >>](https://canivote.org)**",Spread The Word,"Use these sharing tools to post trusted, reliable North Carolina voting information!","North Carolina: know your voting rights! Call 866-OUR-VOTE if you need help voting, or use these official resources.",/NORTH CAROLINA.png,
https://share.commoncause.org/vote-north dakota,North Dakota,/voting-info/north dakota,/vote-north dakota,North Dakota - Call 866-OUR-VOTE if you need help voting!,"### **If you have any issues or questions while voting, [call 866-OUR-VOTE](tel:8666878683) for nonpartisan assistance.**

**You can also find reliable voting information on these official state websites:**

* [Find Your Polling Place >>](https://vip.sos.nd.gov/WhereToVote.aspx?tab=AddressandVotingTimes)
* [Absentee Voting Information >>](http://www.nd.gov/sos/electvote/voting/voting-absentee.html)
* [Voter ID Requirements >>](https://vip.sos.nd.gov/IDRequirements.aspx?ptlhPKID=103&amp;ptlPKID=7)
* [Track Your Absentee Ballot >>](https://vip.sos.nd.gov/AbsenteeTracker.aspx)

**Use the buttons on this page to help share this helpful voting information with your community -- and help your friends, family, and neighbors cast their ballots safely!**

Remember, your vote is your voice -- and it's important that each of us have a say in our future. And, if you are in line when polls close, you still have the right to stay in line and cast your ballot!

**Live in another state? [Visit canivote.org to find official voting info >>](https://canivote.org)**",Spread The Word,"Use these sharing tools to post trusted, reliable North Dakota voting information!","North Dakota: know your voting rights! Call 866-OUR-VOTE if you need help voting, or use these official resources.",/NORTH DAKOTA.png,
https://share.commoncause.org/vote-ohio,Ohio,/voting-info/ohio,/vote-ohio,Ohio - Call 866-OUR-VOTE if you need help voting!,"### **If you have any issues or questions while voting, [call 866-OUR-VOTE](tel:8666878683) for nonpartisan assistance.**

**You can also find reliable voting information on these official state websites:**

* [Find Your Polling Place >>](https://www.sos.state.oh.us/elections/voters/toolkit/polling-location/)
* [Absentee Voting Information >>](https://www.sos.state.oh.us/elections/voters/absentee-voting/#byMail)
* [Voter ID Requirements >>](https://www.sos.state.oh.us/elections/voters/id-requirements/)
* [Track Your Absentee Ballot >>](https://www.sos.state.oh.us/elections/voters/toolkit/ballot-tracking/)
* [Voting FAQ >>](https://docs.google.com/document/d/1rgpgu7R8cbaMlgOA8qMLABNvXFnR48a4YAr_7BHxp10/)

**Use the buttons on this page to help share this helpful voting information with your community -- and help your friends, family, and neighbors cast their ballots safely!**

Remember, your vote is your voice -- and it's important that each of us have a say in our future. And, if you are in line when polls close, you still have the right to stay in line and cast your ballot!

**Live in another state? [Visit canivote.org to find official voting info >>](https://canivote.org)**",Spread The Word,"Use these sharing tools to post trusted, reliable Ohio voting information!","Ohio: know your voting rights! Call 866-OUR-VOTE if you need help voting, or use these official resources.",/OHIO.png,
https://share.commoncause.org/vote-oklahoma,Oklahoma,/voting-info/oklahoma,/vote-oklahoma,Oklahoma - Call 866-OUR-VOTE if you need help voting!,"### **If you have any issues or questions while voting, [call 866-OUR-VOTE](tel:8666878683) for nonpartisan assistance.**

**You can also find reliable voting information on these official state websites:**

* [Find Your Polling Place >>](https://okvoterportal.okelections.us/)
* [Absentee Voting Information >>](https://www.ok.gov/elections/Voter_Info/Absentee_Voting/index.html)
* [Voter ID Requirements >>](http://www.ok.gov/elections/Voter_Info/Proof_of_Identity/index.html)
* [Track Your Absentee Ballot >>](https://okvoterportal.okelections.us/)

**Use the buttons on this page to help share this helpful voting information with your community -- and help your friends, family, and neighbors cast their ballots safely!**

Remember, your vote is your voice -- and it's important that each of us have a say in our future. And, if you are in line when polls close, you still have the right to stay in line and cast your ballot!

**Live in another state? [Visit canivote.org to find official voting info >>](https://canivote.org)**",Spread The Word,"Use these sharing tools to post trusted, reliable Oklahoma voting information!","Oklahoma: know your voting rights! Call 866-OUR-VOTE if you need help voting, or use these official resources.",/OKLAHOMA.png,
https://share.commoncause.org/vote-oregon,Oregon,/voting-info/oregon,/vote-oregon,Oregon - Call 866-OUR-VOTE if you need help voting!,"### **If you have any issues or questions while voting, [call 866-OUR-VOTE](tel:8666878683) for nonpartisan assistance.**

**You can also find reliable voting information on these official state websites:**

* [Find Your Polling Place >>](http://www.sos.state.or.us/dropbox/)
* [Absentee Voting Information >>](https://sos.oregon.gov/voting/Pages/voteinor.aspx)
* [Voter ID Requirements >>](http://www.sos.state.or.us/elections/pages/faq/index.html#voting)
* [Track Your Absentee Ballot >>](https://secure.sos.state.or.us/orestar/vr/showVoterSearch.do)
* [Voting FAQ >>](https://docs.google.com/document/d/1rgpgu7R8cbaMlgOA8qMLABNvXFnR48a4YAr_7BHxp10/)

**Use the buttons on this page to help share this helpful voting information with your community -- and help your friends, family, and neighbors cast their ballots safely!**

Remember, your vote is your voice -- and it's important that each of us have a say in our future. And, if you are in line when polls close, you still have the right to stay in line and cast your ballot!

**Live in another state? [Visit canivote.org to find official voting info >>](https://canivote.org)**",Spread The Word,"Use these sharing tools to post trusted, reliable Oregon voting information!","Oregon: know your voting rights! Call 866-OUR-VOTE if you need help voting, or use these official resources.",/OREGON.png,
https://share.commoncause.org/vote-pennsylvania,Pennsylvania,/voting-info/pennsylvania,/vote-pennsylvania,Pennsylvania - Call 866-OUR-VOTE if you need help voting!,"### **If you have any issues or questions while voting, [call 866-OUR-VOTE](tel:8666878683) for nonpartisan assistance.**

**You can also find reliable voting information on these official state websites:**

* [Find Your Polling Place >>](https://www.pavoterservices.pa.gov/Pages/PollingPlaceInfo.aspx)
* [Absentee Voting Information >>](http://www.votespa.com/en-us/voting-and-elections/types-of-voting/Pages/Absentee-Ballot.aspx)
* [Voter ID Requirements >>](https://www.votespa.com/Register-to-Vote/Pages/Voter-ID-for-First-Time-Voters.aspx)
* [Track Your Absentee Ballot >>](https://www.pavoterservices.pa.gov/pages/ballottracking.aspx)
* [Voting FAQ >>](https://docs.google.com/document/d/1rgpgu7R8cbaMlgOA8qMLABNvXFnR48a4YAr_7BHxp10/)

**Use the buttons on this page to help share this helpful voting information with your community -- and help your friends, family, and neighbors cast their ballots safely!**

Remember, your vote is your voice -- and it's important that each of us have a say in our future. And, if you are in line when polls close, you still have the right to stay in line and cast your ballot!

**Live in another state? [Visit canivote.org to find official voting info >>](https://canivote.org)**",Spread The Word,"Use these sharing tools to post trusted, reliable Pennsylvania voting information!","Pennsylvania: know your voting rights! Call 866-OUR-VOTE if you need help voting, or use these official resources.",/PENNSYLVANIA.png,
https://share.commoncause.org/vote-rhode island,Rhode Island,/voting-info/rhode island,/vote-rhode island,Rhode Island - Call 866-OUR-VOTE if you need help voting!,"### **If you have any issues or questions while voting, [call 866-OUR-VOTE](tel:8666878683) for nonpartisan assistance.**

**You can also find reliable voting information on these official state websites:**

* [Find Your Polling Place >>](https://vote.sos.ri.gov/Home/)
* [Absentee Voting Information >>](https://vote.sos.ri.gov/Voter/VotebyMail?ActiveFlag=4)
* [Voter ID Requirements >>](https://vote.sos.ri.gov/Content/Pdfs/voter_id_information.pdf)
* [Track Your Absentee Ballot >>](https://vote.sos.ri.gov/Home/UpdateVoterRecord?ActiveFlag=3)
* [Voting FAQ >>](https://docs.google.com/document/d/1mx8lF0dS0zjPTKCXgu_YKUmgbskMomaXe-dHmbiuPno/)

**Use the buttons on this page to help share this helpful voting information with your community -- and help your friends, family, and neighbors cast their ballots safely!**

Remember, your vote is your voice -- and it's important that each of us have a say in our future. And, if you are in line when polls close, you still have the right to stay in line and cast your ballot!

**Live in another state? [Visit canivote.org to find official voting info >>](https://canivote.org)**",Spread The Word,"Use these sharing tools to post trusted, reliable Rhode Island voting information!","Rhode Island: know your voting rights! Call 866-OUR-VOTE if you need help voting, or use these official resources.",/RHODE ISLAND.png,
https://share.commoncause.org/vote-south carolina,South Carolina,/voting-info/south carolina,/vote-south carolina,South Carolina - Call 866-OUR-VOTE if you need help voting!,"### **If you have any issues or questions while voting, [call 866-OUR-VOTE](tel:8666878683) for nonpartisan assistance.**

**You can also find reliable voting information on these official state websites:**

* [Find Your Polling Place >>](https://info.scvotes.sc.gov/eng/voterinquiry/VoterInformationRequest.aspx?PageMode=VoterInfo)
* [Absentee Voting Information >>](https://www.scvotes.org/absentee-voting)
* [Voter ID Requirements >>](https://www.scvotes.org/node/235)
* [Track Your Absentee Ballot >>](https://info.scvotes.sc.gov/eng/voterinquiry/VoterInformationRequest.aspx?PageMode=AbsenteeInfo)

**Use the buttons on this page to help share this helpful voting information with your community -- and help your friends, family, and neighbors cast their ballots safely!**

Remember, your vote is your voice -- and it's important that each of us have a say in our future. And, if you are in line when polls close, you still have the right to stay in line and cast your ballot!

**Live in another state? [Visit canivote.org to find official voting info >>](https://canivote.org)**",Spread The Word,"Use these sharing tools to post trusted, reliable South Carolina voting information!","South Carolina: know your voting rights! Call 866-OUR-VOTE if you need help voting, or use these official resources.",/SOUTH CAROLINA.png,
https://share.commoncause.org/vote-south dakota,South Dakota,/voting-info/south dakota,/vote-south dakota,South Dakota - Call 866-OUR-VOTE if you need help voting!,"### **If you have any issues or questions while voting, [call 866-OUR-VOTE](tel:8666878683) for nonpartisan assistance.**

**You can also find reliable voting information on these official state websites:**

* [Find Your Polling Place >>](https://vip.sdsos.gov/VIPLogin.aspx)
* [Absentee Voting Information >>](https://sdsos.gov/elections-voting/voting/absentee-voting.aspx)
* [Voter ID Requirements >>](https://sdsos.gov/elections-voting/voting/default.aspx)
* [Track Your Absentee Ballot >>](https://vip.sdsos.gov/VIPLogin.aspx)

**Use the buttons on this page to help share this helpful voting information with your community -- and help your friends, family, and neighbors cast their ballots safely!**

Remember, your vote is your voice -- and it's important that each of us have a say in our future. And, if you are in line when polls close, you still have the right to stay in line and cast your ballot!

**Live in another state? [Visit canivote.org to find official voting info >>](https://canivote.org)**",Spread The Word,"Use these sharing tools to post trusted, reliable South Dakota voting information!","South Dakota: know your voting rights! Call 866-OUR-VOTE if you need help voting, or use these official resources.",/SOUTH DAKOTA.png,
https://share.commoncause.org/vote-tennessee,Tennessee,/voting-info/tennessee,/vote-tennessee,Tennessee - Call 866-OUR-VOTE if you need help voting!,"### **If you have any issues or questions while voting, [call 866-OUR-VOTE](tel:8666878683) for nonpartisan assistance.**

**You can also find reliable voting information on these official state websites:**

* [Find Your Polling Place >>](https://tnmap.tn.gov/voterlookup/)
* [Absentee Voting Information >>](https://www.votetexas.gov/voting/when.html#early-voting)
* [Voter ID Requirements >>](https://sos.tn.gov/products/elections/what-id-required-when-voting)
* [Track Your Absentee Ballot >>](https://www.txballot.org/)

**Use the buttons on this page to help share this helpful voting information with your community -- and help your friends, family, and neighbors cast their ballots safely!**

Remember, your vote is your voice -- and it's important that each of us have a say in our future. And, if you are in line when polls close, you still have the right to stay in line and cast your ballot!

**Live in another state? [Visit canivote.org to find official voting info >>](https://canivote.org)**",Spread The Word,"Use these sharing tools to post trusted, reliable Tennessee voting information!","Tennessee: know your voting rights! Call 866-OUR-VOTE if you need help voting, or use these official resources.",/TENNESSEE.png,
https://share.commoncause.org/vote-texas,Texas,/voting-info/texas,/vote-texas,Texas - Call 866-OUR-VOTE if you need help voting!,"### **If you have any issues or questions while voting, [call 866-OUR-VOTE](tel:8666878683) for nonpartisan assistance.**

**You can also find reliable voting information on these official state websites:**

* [Find Your Polling Place >>](https://teamrv-mvp.sos.texas.gov/MVP/mvp.do)
* [Absentee Voting Information >>](https://sos.tn.gov/products/elections/absentee-voting)
* [Voter ID Requirements >>](https://www.votetexas.gov/faq/index.html)
* [Track Your Absentee Ballot >>](https://tnmap.tn.gov/voterlookup/)
* [Voting FAQ >>](https://docs.google.com/document/d/1mx8lF0dS0zjPTKCXgu_YKUmgbskMomaXe-dHmbiuPno/)

**Use the buttons on this page to help share this helpful voting information with your community -- and help your friends, family, and neighbors cast their ballots safely!**

Remember, your vote is your voice -- and it's important that each of us have a say in our future. And, if you are in line when polls close, you still have the right to stay in line and cast your ballot!

**Live in another state? [Visit canivote.org to find official voting info >>](https://canivote.org)**",Spread The Word,"Use these sharing tools to post trusted, reliable Texas voting information!","Texas: know your voting rights! Call 866-OUR-VOTE if you need help voting, or use these official resources.",/TEXAS.png,
https://share.commoncause.org/vote-utah,Utah,/voting-info/utah,/vote-utah,Utah - Call 866-OUR-VOTE if you need help voting!,"### **If you have any issues or questions while voting, [call 866-OUR-VOTE](tel:8666878683) for nonpartisan assistance.**

**You can also find reliable voting information on these official state websites:**

* [Find Your Polling Place >>](https://votesearch.utah.gov/voter-search/search/search-by-address/how-and-where-can-i-vote)
* [Absentee Voting Information >>](https://voteinfo.utah.gov/learn-about-voting-by-mail-and-absentee-voting/)
* [Voter ID Requirements >>](https://voteinfo.utah.gov/voter-id-requirements/)
* [Track Your Absentee Ballot >>](https://votesearch.utah.gov/voter-search/search/search-by-voter/track-mail-ballot)
* [Voting FAQ >>](https://docs.google.com/document/d/1tdgsKlCjpwjzDRJNE6_No5lV3ROd-APOFy_bBE76exg/)

**Use the buttons on this page to help share this helpful voting information with your community -- and help your friends, family, and neighbors cast their ballots safely!**

Remember, your vote is your voice -- and it's important that each of us have a say in our future. And, if you are in line when polls close, you still have the right to stay in line and cast your ballot!

**Live in another state? [Visit canivote.org to find official voting info >>](https://canivote.org)**",Spread The Word,"Use these sharing tools to post trusted, reliable Utah voting information!","Utah: know your voting rights! Call 866-OUR-VOTE if you need help voting, or use these official resources.",/UTAH.png,
https://share.commoncause.org/vote-vermont,Vermont,/voting-info/vermont,/vote-vermont,Vermont - Call 866-OUR-VOTE if you need help voting!,"### **If you have any issues or questions while voting, [call 866-OUR-VOTE](tel:8666878683) for nonpartisan assistance.**

**You can also find reliable voting information on these official state websites:**

* [Find Your Polling Place >>](https://www.mvp.sec.state.vt.us/)
* [Absentee Voting Information >>](https://sos.vermont.gov/elections/voters/early-absentee-voting/)
* [Voter ID Requirements >>](https://sos.vermont.gov/elections/voters/registration/)
* [Track Your Absentee Ballot >>](https://mvp.vermont.gov/)

**Use the buttons on this page to help share this helpful voting information with your community -- and help your friends, family, and neighbors cast their ballots safely!**

Remember, your vote is your voice -- and it's important that each of us have a say in our future. And, if you are in line when polls close, you still have the right to stay in line and cast your ballot!

**Live in another state? [Visit canivote.org to find official voting info >>](https://canivote.org)**",Spread The Word,"Use these sharing tools to post trusted, reliable Vermont voting information!","Vermont: know your voting rights! Call 866-OUR-VOTE if you need help voting, or use these official resources.",/VERMONT.png,
https://share.commoncause.org/vote-virginia,Virginia,/voting-info/virginia,/vote-virginia,Virginia - Call 866-OUR-VOTE if you need help voting!,"### **If you have any issues or questions while voting, [call 866-OUR-VOTE](tel:8666878683) for nonpartisan assistance.**

**You can also find reliable voting information on these official state websites:**

* [Find Your Polling Place >>](https://vote.elections.virginia.gov/VoterInformation/Lookup/polling)
* [Absentee Voting Information >>](http://www.elections.virginia.gov/casting-a-ballot/absentee-voting/)
* [Voter ID Requirements >>](http://www.elections.virginia.gov/registration/photo-ids-required-to-vote/index.html)
* [Track Your Absentee Ballot >>](https://www.elections.virginia.gov/citizen-portal/)
* [Voting FAQ >>](https://docs.google.com/document/d/15Sl9ji8dlAxDbbLC-8DRvfWeZTtHs5KHa29a7v33le8/)

**Use the buttons on this page to help share this helpful voting information with your community -- and help your friends, family, and neighbors cast their ballots safely!**

Remember, your vote is your voice -- and it's important that each of us have a say in our future. And, if you are in line when polls close, you still have the right to stay in line and cast your ballot!

**Live in another state? [Visit canivote.org to find official voting info >>](https://canivote.org)**",Spread The Word,"Use these sharing tools to post trusted, reliable Virginia voting information!","Virginia: know your voting rights! Call 866-OUR-VOTE if you need help voting, or use these official resources.",/VIRGINIA.png,
https://share.commoncause.org/vote-washington,Washington,/voting-info/washington,/vote-washington,Washington - Call 866-OUR-VOTE if you need help voting!,"### **If you have any issues or questions while voting, [call 866-OUR-VOTE](tel:8666878683) for nonpartisan assistance.**

**You can also find reliable voting information on these official state websites:**

* [Find Your Polling Place >>](https://voter.votewa.gov/WhereToVote.aspx)
* [Absentee Voting Information >>](https://www.sos.wa.gov/elections/faq_vote_by_mail.aspx)
* [Voter ID Requirements >>](http://www.sos.wa.gov/elections/voters.aspx)
* [Track Your Absentee Ballot >>](https://voter.votewa.gov/WhereToVote.aspx#/login)

**Use the buttons on this page to help share this helpful voting information with your community -- and help your friends, family, and neighbors cast their ballots safely!**

Remember, your vote is your voice -- and it's important that each of us have a say in our future. And, if you are in line when polls close, you still have the right to stay in line and cast your ballot!

**Live in another state? [Visit canivote.org to find official voting info >>](https://canivote.org)**",Spread The Word,"Use these sharing tools to post trusted, reliable Washington voting information!","Washington: know your voting rights! Call 866-OUR-VOTE if you need help voting, or use these official resources.",/WASHINGTON.png,
https://share.commoncause.org/vote-west virginia,West Virginia,/voting-info/west virginia,/vote-west virginia,West Virginia - Call 866-OUR-VOTE if you need help voting!,"### **If you have any issues or questions while voting, [call 866-OUR-VOTE](tel:8666878683) for nonpartisan assistance.**

**You can also find reliable voting information on these official state websites:**

* [Find Your Polling Place >>](https://apps.sos.wv.gov/elections/voter/index.aspx)
* [Absentee Voting Information >>](https://sos.wv.gov/elections/Pages/AbsenteeVotingInformation.aspx)
* [Voter ID Requirements >>](https://sos.wv.gov/elections/Pages/FAQs.aspx)
* [Track Your Absentee Ballot >>](https://services.sos.wv.gov/Elections/Voter/AbsenteeBallotTracking)

**Use the buttons on this page to help share this helpful voting information with your community -- and help your friends, family, and neighbors cast their ballots safely!**

Remember, your vote is your voice -- and it's important that each of us have a say in our future. And, if you are in line when polls close, you still have the right to stay in line and cast your ballot!

**Live in another state? [Visit canivote.org to find official voting info >>](https://canivote.org)**",Spread The Word,"Use these sharing tools to post trusted, reliable West Virginia voting information!","West Virginia: know your voting rights! Call 866-OUR-VOTE if you need help voting, or use these official resources.",/WEST VIRGINIA.png,
https://share.commoncause.org/vote-wisconsin,Wisconsin,/voting-info/wisconsin,/vote-wisconsin,Wisconsin - Call 866-OUR-VOTE if you need help voting!,"### **If you have any issues or questions while voting, [call 866-OUR-VOTE](tel:8666878683) for nonpartisan assistance.**

**You can also find reliable voting information on these official state websites:**

* [Find Your Polling Place >>](https://myvote.wi.gov/en-us/FindMyPollingPlace)
* [Absentee Voting Information >>](https://elections.wi.gov/voters/absentee)
* [Voter ID Requirements >>](https://elections.wi.gov/elections-voting/photo-id)
* [Track Your Absentee Ballot >>](https://myvote.wi.gov/en-US/MyVoterInfo)
* [Voting FAQ >>](https://docs.google.com/document/d/15Sl9ji8dlAxDbbLC-8DRvfWeZTtHs5KHa29a7v33le8/)

**Use the buttons on this page to help share this helpful voting information with your community -- and help your friends, family, and neighbors cast their ballots safely!**

Remember, your vote is your voice -- and it's important that each of us have a say in our future. And, if you are in line when polls close, you still have the right to stay in line and cast your ballot!

**Live in another state? [Visit canivote.org to find official voting info >>](https://canivote.org)**",Spread The Word,"Use these sharing tools to post trusted, reliable Wisconsin voting information!","Wisconsin: know your voting rights! Call 866-OUR-VOTE if you need help voting, or use these official resources.",/WISCONSIN.png,
https://share.commoncause.org/vote-wyoming,Wyoming,/voting-info/wyoming,/vote-wyoming,Wyoming - Call 866-OUR-VOTE if you need help voting!,"### **If you have any issues or questions while voting, [call 866-OUR-VOTE](tel:8666878683) for nonpartisan assistance.**

**You can also find reliable voting information on these official state websites:**

* [Find Your Polling Place >>](http://soswy.state.wy.us/Elections/PollPlace/Default.aspx)
* [Absentee Voting Information >>](http://soswy.state.wy.us/Elections/AbsenteeVoting.aspx)
* [Voter ID Requirements >>](http://soswy.state.wy.us/faqs.aspx?root=ELEC)
* [Track Your Absentee Ballot >>](https://sos.wyo.gov/Elections/State/AbsenteeVoting.aspx)

**Use the buttons on this page to help share this helpful voting information with your community -- and help your friends, family, and neighbors cast their ballots safely!**

Remember, your vote is your voice -- and it's important that each of us have a say in our future. And, if you are in line when polls close, you still have the right to stay in line and cast your ballot!

**Live in another state? [Visit canivote.org to find official voting info >>](https://canivote.org)**",Spread The Word,"Use these sharing tools to post trusted, reliable Wyoming voting information!","Wyoming: know your voting rights! Call 866-OUR-VOTE if you need help voting, or use these official resources.",/WYOMING.png,